faixa_etaria,Canal,proportion
Adulto,Loja Física,0.5001839491249277
Adulto,Online,0.49981605087507225
Idoso,Loja Física,0.5072826581702321
Idoso,Online,0.49271734182976784
Jovem,Online,0.5112262521588946
Jovem,Loja Física,0.48877374784110533
