faixa_etaria,canal,proportion
Adulto,Loja Física,0.507860121912095
Adulto,Online,0.49213987808790505
Idoso,Loja Física,0.51875808538163
Idoso,Online,0.48124191461837
Jovem,Online,0.509090909090909
Jovem,Loja Física,0.4909090909090909
