faixa_etaria,Valor_Total
Adulto,115418.60172912177
Idoso,122022.08484979517
Jovem,141471.39063903282
