faixa_etaria,valor_total
Adulto,6662.699069618223
Idoso,6589.01382923674
Jovem,7138.965181818182
