faixa_etaria,quantidade
Adulto,2.4988771254411293
Idoso,2.461836998706339
Jovem,2.618181818181818
