faixa_etaria,Quantidade
Adulto,2.501918326588532
Idoso,2.5081929904415112
Jovem,2.542314335060449
