canal,faixa_etaria,valor_total
Loja Física,Adulto,6446.778382817435
Loja Física,Idoso,6526.916907730673
Loja Física,Jovem,7090.057037037037
Online,Adulto,6885.516831812256
Online,Idoso,6655.951639784946
Online,Jovem,7186.126607142857
