Canal,faixa_etaria,Valor_Total
Loja Física,Adulto,113473.05551013975
Loja Física,Idoso,123355.0076940332
Loja Física,Jovem,141191.63151943462
Online,Adulto,117365.58000105152
Online,Idoso,120649.75920554272
Online,Jovem,141738.86304054054
